Marca,Modelo,Precio,KM,Año,Tipo_de_combustible,CV,Ubicacion,Transmision,Codigo_postal,Comunidad_Autonoma
Peugeot,308,14400,21071,2023,Gasolina,131.0,MERIDA,Manual,06800,Extremadura
Nissan,qashqai,7450,24600,2011,Diésel,150.0,TORREVIEJA,Automático,03181,Comunidad Valenciana
Kia,carens,5990,211957,2015,Diésel,116.0,VILABLAREIX,Manual,17180,Cataluña
Ford,mustang,23990,36000,2014,Gasolina,,PALAFRUGELL,Automático,17200,Cataluña
Renault,clio,1500,138000,2005,Gasolina,60.0,MÁLAGA,Manual,29004,Andalucía
Opel,corsa,9990,46000,2023,Gasolina,101.0,ALGINET,Manual,46230,Comunidad Valenciana
Volvo,xc70,2950,317333,2004,Diésel,163.0,ARGENTONA,Manual,08310,Cataluña
Mini,cooper cabrio,5999,160000,2006,Gasolina,170.0,HUERVA,Manual,50410,Aragón
Bmw,745,51900,46700,2020,Electro/Gasolina,394.0,ARROYOMOLINOS,Automático,28939,Comunidad de Madrid
Audi,a3,3900,240000,2003,Gasolina,150.0,Sabadell,Manual,08205,Cataluña
Peugeot,208,6990,54091,2017,Gasolina,82.0,Erandio,Manual,48950,País Vasco
Hyundai,xg 30,2500,200000,2001,Gasolina,192.0,Parla,Automático,28983,Comunidad de Madrid
Peugeot,508,7890,199000,2018,Diésel,120.0,Valdemoro,Manual,28341,Comunidad de Madrid
Cupra,formentor,23690,6554,2024,Gasolina,150.0,PARLA,Manual,28980,Comunidad de Madrid
Kia,sportage,22995,20000,2024,Diésel,116.0,ZARAGOZA,Manual,50014,Aragón
Volkswagen,passat,10990,199000,2016,Diésel,120.0,FUENLABRADA,Manual,28970,Comunidad de Madrid
Opel,zafira,3500,236000,2009,Diésel,120.0,PINTO,Manual,28320,Comunidad de Madrid
Chrysler,300 m,2250,163851,1999,Gasolina,203.0,GALDAKANO,Automático,48960,País Vasco
Mercedes-benz,g 500,36900,204000,2001,Gasolina,306.0,LLOBREGAT,Automático,08023,Cataluña
Volvo,xc60,29900,105500,2020,Electro/Gasolina,392.0,ARROYOMOLINOS,Automático,28939,Comunidad de Madrid
Opel,corsa,9490,65278,2021,Gasolina,101.0,MADRID,Manual,28021,Comunidad de Madrid
Mercedes-benz,e 350,9990,259000,2010,Diésel,231.0,TARRAGONA,Automático,43850,Cataluña
Opel,insignia,4980,212000,2010,Diésel,131.0,HUMANES,Manual,28970,Comunidad de Madrid
Peugeot,508,5500,195000,2012,Diésel,140.0,ALMENDRALEJO,Manual,06200,Extremadura
Skoda,fabia,4990,89000,2012,Gasolina,60.0,LLOBREGAT,Manual,,Desconocida
Audi,a5,9999,215000,2012,Diésel,143.0,LLERONA,Manual,,Desconocida
Ford,focus,15000,10000,2020,Gasolina,250.0,PALENCIA,Manual,34004,Castilla y León
Opel,mokka,16990,24951,2023,Gasolina,136.0,HARO,Manual,26200,La Rioja
Citroen,c4 x,13590,35712,2023,Gasolina,101.0,MADRID,Manual,28021,Comunidad de Madrid
Skoda,fabia,16990,8500,2024,Gasolina,116.0,VALLES,Manual,08450,Cataluña
Ford,focus,12900,61000,2018,Gasolina,125.0,BARCELONA,Manual,08028,Cataluña
Mazda,5,4990,169000,2007,Diésel,143.0,TARRAGONA,Manual,43850,Cataluña
Ford,mustang,143800,27305,2022,Gasolina,771.0,SEVILLA,Automático,41013,Andalucía
Abarth,punto evo,12000,130000,2012,Gasolina,163.0,Terrasa,Manual,,Desconocida
Bmw,640,26990,113437,2014,Diésel,313.0,REY,Automático,28500,Comunidad de Madrid
Audi,a7,12999,254000,2014,Diésel,204.0,PLASENCIA,Automático,10600,Extremadura
Fiat,panda,9400,47000,2015,Diésel,75.0,BARCELONA,Manual,08028,Cataluña
Hyundai,santa fe,14790,116000,2016,Diésel,201.0,Móstoles,Manual,28933,Comunidad de Madrid
Peugeot,2008,13500,108505,2022,Diésel,131.0,Rioja,Automático,26006,La Rioja
Mg,zs,13490,28700,2022,Gasolina,177.0,Villalba,Manual,,Desconocida
Land rover,discovery sport,13450,140000,2016,Diésel,179.0,MADRID.,Automático,28970,Comunidad de Madrid
Nissan,qashqai,5950,191000,2009,Diésel,106.0,TORREVIEJA,Manual,03181,Comunidad Valenciana
Nissan,micra,6990,178126,2019,Gasolina,90.0,REY,Manual,45280,Castilla-La Mancha
Citroen,c5,3200,165000,2007,Diésel,109.0,CORDOBA,Manual,14014,Andalucía
Jaguar,f-pace,16990,149000,2018,Diésel,179.0,FUENLABRADA,Automático,28947,Comunidad de Madrid
Cupra,leon,23850,7554,2024,Gasolina,150.0,Manises,Automático,46940,Comunidad Valenciana
Bmw,320,36900,21300,2024,Gasolina,184.0,ARROYOMOLINOS,Automático,28939,Comunidad de Madrid
Hyundai,i10,9090,90853,2021,Gasolina,67.0,MADRID,Manual,28914,Comunidad de Madrid
Mini,one,5950,162500,2007,Gasolina,,CORUÑA,Manual,15008,Galicia
Volkswagen,passat,6500,240000,2012,Diésel,140.0,VEGA,Manual,28330,Comunidad de Madrid
Kia,sportage,23900,16000,2023,Gasolina,152.0,GANDIA,Manual,46700,Comunidad Valenciana
Porsche,cayenne,20999,327000,2015,Diésel,262.0,LLERONA,Automático,,Desconocida
Kia,sorento,7490,220000,2011,Diésel,150.0,ORDES,Manual,15680,Galicia
Bmw,i8,55990,135500,2015,Electro/Gasolina,362.0,MOSTOLES,Automático,28938,Comunidad de Madrid
Land rover,range rover evoque,21990,79000,2020,Diésel,150.0,Sestao,Manual,48910,País Vasco
Fiat,tipo,11990,38000,2023,Gasolina,99.0,ALGINET,Manual,46230,Comunidad Valenciana
Peugeot,2008,8500,99200,2016,Gasolina,110.0,TERRASSA,Manual,08226,Cataluña
Opel,astra,10990,92000,2021,Diésel,105.0,Sestao,Manual,48910,País Vasco
Mercedes-benz,gle 350,47900,135767,2021,Electro/Diésel,320.0,VELEZ,Automático,29740,Andalucía
Citroen,c4 cactus,8490,86711,2018,Gasolina,110.0,MADRID,Automático,28970,Comunidad de Madrid
Citroen,c4 cactus,8490,86711,2018,Gasolina,110.0,MADRID,Automático,28970,Comunidad de Madrid
Ford,kuga,11790,111015,2018,Diésel,140.0,ÁVILA,Manual,05004,Andalucía
Volkswagen,golf,13499,179000,2014,Diésel,184.0,PLASENCIA,Manual,10600,Extremadura
Mitsubishi,outlander,7999,250000,2013,Diésel,150.0,BEGIJAR,Automático,23520,Andalucía
Bmw,m4,62900,182900,2022,Gasolina,510.0,PINTO,Automático,28320,Comunidad de Madrid
Mazda,cx-7,7900,198000,2010,Diésel,173.0,ALICANTE,Manual,03550,Comunidad Valenciana
Alfa romeo,4c,64900,26900,2016,Gasolina,241.0,MARBELLA,Automático,29660,Andalucía
Opel,vectra,2300,216000,2002,Gasolina,122.0,ASTORGA,Manual,24700,Castilla y León
Ford,focus,7500,145000,2015,Gasolina,125.0,Parla,Manual,28983,Comunidad de Madrid
Fiat,tipo,6800,155000,2018,Gas licuado (GLP),120.0,Parla,Manual,28983,Comunidad de Madrid
Toyota,unknown,12100,54080,2023,Gasolina,72.0,Alicante,Manual,,Desconocida
Opel,corsa,13490,6340,2024,Gasolina,101.0,HARO,Manual,26200,La Rioja
Seat,arona,13000,48000,2020,Gasolina,150.0,ASPE,Manual,03680,Comunidad Valenciana
Bmw,x4,34900,108400,2021,Diésel,190.0,ARROYOMOLINOS,Automático,28939,Comunidad de Madrid
Bmw,x3,11990,171213,2011,Diésel,184.0,VILABLAREIX,Automático,17180,Cataluña
Hyundai,santa fe,3900,267000,2003,Diésel,111.0,PINTO,Manual,28320,Comunidad de Madrid
Jaecoo,j7,25810,15,2025,Gasolina,147.0,MADRID,Automático,28914,Comunidad de Madrid
Citroen,c3,7800,107000,2017,Gasolina,82.0,Manises,Manual,46940,Comunidad Valenciana
Peugeot,1007,4000,149000,2006,Gasolina,90.0,LUGO,Manual,27003,Galicia
Opel,zafira,6800,210000,2013,Diésel,131.0,MADRID,Manual,28038,Comunidad de Madrid
Mg,tf,6900,110000,2003,Gasolina,135.0,BERRIOZAR,Manual,31013,Comunidad Foral de Navarra
Audi,q2,17400,53500,2018,Gasolina,116.0,MALAGA,Manual,29004,Andalucía
Citroen,c5,5700,211000,2012,Diésel,140.0,BERRIOPLANO/BERRIOBEITI,Manual,31195,Comunidad Foral de Navarra
Volvo,xc40,15000,264565,2020,Diésel,150.0,ASTORGA,Automático,24700,Castilla y León
Honda,accord,11990,109000,2013,Diésel,150.0,LLOBREGAT,Manual,08820,Cataluña
Mercedes-benz,gla 220,16490,132000,2014,Diésel,170.0,PARLA,Automático,28982,Comunidad de Madrid
Volvo,s60,31600,67000,2021,Electro/Gasolina,405.0,REYES,Automático,28703,Comunidad de Madrid
Opel,corsa,9490,23982,2021,Gasolina,75.0,POBLET,Manual,46930,Comunidad Valenciana
Citroen,c4,5900,139000,2007,Diésel,109.0,Parla,Manual,28983,Comunidad de Madrid
Volkswagen,golf,10499,134833,2013,Diésel,110.0,SEVILLA,Manual,41001,Andalucía
Peugeot,207,5500,63000,2007,Gasolina,75.0,VALENCIA,Manual,46019,Comunidad Valenciana
Jeep,grand cherokee,15490,183317,2012,Diésel,241.0,CUENCA,Automático,26004,La Rioja
Mercedes-benz,amg gt,89000,17000,2018,Gasolina,522.0,MANRESA,Automático,08242,Cataluña
Mercedes-benz,gle 400,58900,155000,2021,Diésel,330.0,MALAGA,Automático,29004,Andalucía
Audi,a5,16900,148085,2016,Gasolina,177.0,TERRASSA,Manual,08226,Cataluña
Fiat,grande punto,2900,213000,2010,Gasolina,65.0,MADRID,Manual,28007,Comunidad de Madrid
Peugeot,2008,18490,20857,2024,Gasolina,131.0,Villalba,Automático,28400,Comunidad de Madrid
Bmw,x2,16790,129900,2021,Gasolina,140.0,REYES,Automático,28703,Comunidad de Madrid
Mercedes-benz,gle 400,67950,96000,2021,Diésel,330.0,RIO,Automático,41100,Andalucía
Bmw,x5,14990,220840,2010,Diésel,306.0,MADRID,Automático,28046,Comunidad de Madrid
Mercedes-benz,gle 400,58900,155000,2021,Diésel,330.0,MALAGA,Automático,29004,Andalucía
Audi,a5,16900,148085,2016,Gasolina,177.0,TERRASSA,Manual,08226,Cataluña
Fiat,grande punto,2900,213000,2010,Gasolina,65.0,MADRID,Manual,28007,Comunidad de Madrid
Peugeot,2008,18490,20857,2024,Gasolina,131.0,Villalba,Automático,28400,Comunidad de Madrid
Bmw,x2,16790,129900,2021,Gasolina,140.0,REYES,Automático,28703,Comunidad de Madrid
Mercedes-benz,gle 400,67950,96000,2021,Diésel,330.0,RIO,Automático,41100,Andalucía
Bmw,x5,14990,220840,2010,Diésel,306.0,MADRID,Automático,28046,Comunidad de Madrid
Volkswagen,golf gti,12000,141000,2011,Gasolina,211.0,LUGO,Manual,27003,Galicia
Dacia,duster,9000,143450,2015,Diésel,110.0,FUENLABRADA,Manual,28946,Comunidad de Madrid
Audi,a3,7500,269000,2007,Diésel,140.0,CORUÑA,Manual,15270,Galicia
Volkswagen,touran,10990,143000,2011,Diésel,105.0,LLOBREGAT,Manual,08950,Cataluña
Peugeot,3008,6490,200000,2012,Diésel,150.0,HENARES,Manual,28802,Comunidad de Madrid
Renault,arkana,17863,83402,2022,Electro/Gasolina,143.0,MADRID,Automático,28019,Comunidad de Madrid
Bmw,320,19400,221000,2021,Diésel,190.0,ARROYOMOLINOS,Automático,28939,Comunidad de Madrid
Cupra,ateca,36890,9900,2024,Gasolina,300.0,VALLES,Automático,,Desconocida
Seat,ibiza,8990,66000,2012,Diésel,105.0,LLOBREGAT,Manual,08820,Cataluña
Audi,rs q3,58990,20956,2023,Gasolina,400.0,MADRID,Automático,28970,Comunidad de Madrid
Bmw,320,11500,129000,2008,Gasolina,170.0,MADRID,Manual,28019,Comunidad de Madrid
Audi,q7,16900,227000,2012,Diésel,245.0,ZARAGOZA,Automático,50197,Aragón
Nissan,qashqai,7450,235000,2010,Diésel,150.0,TORREVIEJA,Automático,03181,Comunidad Valenciana
Volvo,s60,4500,187150,2004,Gasolina,209.0,MADRID,Automático,28022,Comunidad de Madrid
Volvo,s40,8890,165000,2013,Diésel,114.0,ORDES,Manual,15680,Galicia
Land rover,range rover evoque,18990,78000,2018,Diésel,150.0,Móstoles,Automático,28933,Comunidad de Madrid
Ford,focus,7499,73000,2014,Gasolina,125.0,TORREVIEJA,Automático,03184,Comunidad Valenciana
Bmw,120,12990,76021,2012,Gasolina,170.0,TORREMOLINOS,Manual,29620,Andalucía
Honda,cr-v,11500,129000,2011,Diésel,150.0,BARCELONA,Automático,08028,Cataluña
Toyota,yaris,16890,15249,2024,Gasolina,125.0,MADRID,Manual,28034,Comunidad de Madrid
Ford,fiesta,11000,66956,2021,Gasolina,125.0,TARRAGONA,Manual,43006,Cataluña
Audi,q5,11900,230989,2009,Diésel,170.0,ZARAGOZA,Automático,50014,Aragón
Volkswagen,t-roc,22002,49734,2020,Diésel,150.0,ROZAS,Automático,28232,Comunidad de Madrid
Volkswagen,golf,6990,197000,2011,Diésel,105.0,MALAGA,Manual,29004,Andalucía
Opel,mokka,17590,12229,2024,Gasolina,131.0,MADRID,Automático,28021,Comunidad de Madrid
Volkswagen,golf,6300,161000,2006,Diésel,140.0,ALICANTE,Manual,03005,Comunidad Valenciana
Toyota,unknown,10990,39000,2022,Gasolina,72.0,TENERIFE,Manual,38108,Canarias
Nissan,juke,14540,31306,2021,Gasolina,114.0,MADRID,Manual,28914,Comunidad de Madrid
Volkswagen,golf,5500,189000,2006,Diésel,140.0,ARBOÇ,Manual,43720,Cataluña
Mercedes-benz,clk 200,6990,133000,2004,Diésel,170.0,ANTONIO,Manual,28891,Comunidad de Madrid
Toyota,verso,6850,183000,2011,Diésel,126.0,TORREVIEJA,Manual,03181,Comunidad Valenciana
Mercedes-benz,glc 43 amg,33988,112000,2017,Gasolina,367.0,GALDAKAO,Automático,48960,País Vasco
Bmw,318,37900,15700,2024,Diésel,150.0,MARTOS,Automático,23600,Andalucía
Toyota,verso,6850,183000,2011,Diésel,126.0,TORREVIEJA,Manual,03181,Comunidad Valenciana
Mercedes-benz,glc 43 amg,33988,112000,2017,Gasolina,367.0,GALDAKAO,Automático,48960,País Vasco
Bmw,318,37900,15700,2024,Diésel,150.0,MARTOS,Automático,23600,Andalucía
Peugeot,408,19990,30832,2024,Gasolina,131.0,MADRID,Automático,28021,Comunidad de Madrid
Omoda,5,22500,11001,2024,Gasolina,186.0,Coslada,Automático,28823,Comunidad de Madrid
Audi,a7,27900,157500,2018,Diésel,272.0,PINTO,Automático,28320,Comunidad de Madrid
Chevrolet,camaro,26500,78000,2015,Gasolina,,VALENCIA,Automático,46019,Comunidad Valenciana
Audi,a1,6999,240000,2011,Diésel,105.0,PINATAR,Manual,30740,Región de Murcia
Audi,q3,32750,119632,2021,Diésel,150.0,VACIAMADRID,Automático,28529,Comunidad de Madrid
Bmw,x3,34900,33200,2021,Diésel,190.0,ARROYOMOLINOS,Automático,28939,Comunidad de Madrid
Tesla,model s,19490,189000,2015,Eléctrico,,BASAURI,Automático,48970,País Vasco
Peugeot,208,13490,6613,2024,Gasolina,102.0,MÁLAGA,Manual,29001,Andalucía
Lexus,ct 200h,7843,199517,2011,Electro/Gasolina,136.0,ROZAS,Automático,28232,Comunidad de Madrid
Cupra,formentor,30400,2,2025,Gasolina,150.0,MERIDA,Automático,06800,Extremadura
Opel,astra,1990,385000,2002,Diésel,99.0,ANTONIO,Manual,28891,Comunidad de Madrid
Jeep,avenger,16790,26194,2024,Gasolina,101.0,MADRID,Manual,28021,Comunidad de Madrid
Volkswagen,tiguan,21190,98273,2020,Diésel,150.0,Massanassa,Automático,46470,Comunidad Valenciana
Renault,grand scenic,6900,202000,2016,Gasolina,131.0,PARLA,Manual,28983,Comunidad de Madrid
Peugeot,3008,19390,54000,2021,Electro/Gasolina,224.0,REYES,Automático,28703,Comunidad de Madrid
Mazda,3,12490,63139,2017,Gasolina,120.0,GASTEIZ,Manual,01003,País Vasco
Audi,s5,32500,128000,2018,Gasolina,354.0,CUELLAR,Automático,40200,Castilla y León
Citroen,berlingo,9990,177000,2018,Diésel,102.0,CANARIA,Manual,35013,Canarias
Land rover,range rover evoque,11899,248500,2014,Diésel,150.0,LLERONA,Automático,,Desconocida
Renault,grand scenic,3600,198000,2006,Diésel,131.0,CONDADO,Manual,45214,Castilla-La Mancha
Volkswagen,golf,13290,118000,2018,Gasolina,116.0,MATARO,Manual,08304,Cataluña
Nissan,qashqai,22900,9571,2024,Gasolina,140.0,OLEIROS,Manual,15172,Galicia
Volkswagen,passat,14990,147000,2020,Diésel,150.0,MALAGA,Manual,29001,Andalucía
Alfa romeo,stelvio,18800,63101,2017,Diésel,150.0,Rioja,Automático,26006,La Rioja
Mercedes-benz,cla 220,19480,99000,2014,Diésel,170.0,TOCINOS,Automático,30006,Región de Murcia
Audi,a6,379900,10,2025,Gasolina,630.0,CARDEDEU,Automático,,Desconocida
Audi,a4,5500,250000,2005,Diésel,140.0,NOAIN,Manual,31110,Comunidad Foral de Navarra
Audi,a4,14900,218000,2019,Diésel,150.0,BADAJOZ,Automático,06011,Extremadura
Mercedes-benz,s 350,14500,340000,2010,Diésel,235.0,RINCONADA,Automático,41309,Andalucía
Jeep,avenger,18100,44437,2023,Gasolina,101.0,MONTJUÏC,Manual,08029,Cataluña
Renault,symbioz,27990,7215,2024,Electro/Gasolina,143.0,VALENCIA,Automático,46026,Comunidad Valenciana
Cupra,formentor,23455,7772,2024,Gasolina,150.0,BARCELONA,Manual,08030,Cataluña
Volvo,v40,7990,214987,2015,Diésel,114.0,MOSTOLES,Manual,28938,Comunidad de Madrid
Ds automobiles,ds 4,7990,148300,2016,Diésel,120.0,REY,Manual,45280,Castilla-La Mancha
Volkswagen,t-roc,13000,182600,2019,Diésel,150.0,CADIZ,Manual,11011,Andalucía
Ford,focus,2900,134000,2003,Gasolina,101.0,Torrevieja,Manual,,Desconocida
Infiniti,q60,36900,54000,2018,Gasolina,405.0,Sabadell,Automático,08206,Cataluña
Peugeot,408,22041,14575,2024,Gasolina,,REY,Automático,45280,Castilla-La Mancha
Citroen,c4,13095,34831,2023,Gasolina,131.0,Castelló,Manual,07009,Islas Baleares
Mercedes-benz,glc 220,27500,115000,2015,Diésel,170.0,GALDAKAO,Automático,48960,País Vasco
Peugeot,rifter,14990,97904,2019,Diésel,99.0,Venturada,Manual,28729,Comunidad de Madrid
Peugeot,408,32990,7250,2024,Electro/Gasolina,224.0,REUS,Automático,43204,Cataluña
Toyota,yaris,11675,108249,2021,Gasolina,111.0,PARLA,Manual,28983,Comunidad de Madrid
Citroen,berlingo,9917,99237,2019,Diésel,103.0,POBLET,Automático,46930,Comunidad Valenciana
Fiat,tipo,7900,98467,2019,Gasolina,95.0,MALAGA,Manual,29004,Andalucía
Audi,a3,9990,190000,2013,Diésel,150.0,Rei,Manual,08750,Cataluña
Bmw,320,36900,22300,2024,Gasolina,184.0,ARROYOMOLINOS,Automático,28939,Comunidad de Madrid
Ds automobiles,ds 3,13500,59992,2020,Diésel,99.0,MAJADAHONDA,Automático,28221,Comunidad de Madrid
Jaguar,xf,13990,86143,2016,Diésel,182.0,REI,Automático,08750,Cataluña
Mazda,cx-5,16990,138000,2017,Diésel,175.0,utrera,Automático,41710,Andalucía
Cupra,leon,24890,15000,2024,Gasolina,150.0,LLOBREGAT,Automático,,Desconocida
Kia,picanto,10340,22000,2024,Gasolina,67.0,MADRID,Manual,28001,Comunidad de Madrid
Dacia,duster,11900,33469,2019,Gasolina,114.0,IURRETA,Manual,48215,País Vasco
Ssangyong,torres,25500,1,2023,Gasolina,163.0,VITORIA,Manual,01013,País Vasco
Honda,cr-v,12999,123300,2011,Gasolina,150.0,BILBAO,Automático,48010,País Vasco
Cupra,leon,26900,13000,2024,Gasolina,190.0,ZARAGOZA,Automático,50197,Aragón
Mg,ehs,19791,23255,2023,Electro/Gasolina,162.0,Segarra,Automático,08281,Cataluña
Ford,focus,15000,10000,2020,Gasolina,250.0,ZARATAN,Manual,47610,Castilla y León
Skoda,kamiq,15900,44000,2021,Gasolina,110.0,PLANA,Automático,12006,Comunidad Valenciana
Citroen,c4 cactus,7999,140000,2016,Diésel,99.0,ALMERIA,Manual,04008,Andalucía
Renault,clio,7950,129000,2017,Diésel,90.0,MANRESA,Manual,08242,Cataluña
Audi,a7,35390,154316,2019,Diésel,286.0,MADRID,Automático,28021,Comunidad de Madrid
Mercedes-benz,e 220,12990,201800,2011,Diésel,170.0,MADRID,Automático,28970,Comunidad de Madrid
Ds automobiles,ds 3,20900,23252,2023,Diésel,131.0,VIGO,Automático,36214,Galicia
Toyota,rav 4,20490,211000,2021,Electro/Gasolina,222.0,Sestao,Automático,48910,País Vasco
Cupra,formentor,24500,11000,2023,Electro/Gasolina,204.0,CAMPO,Automático,28840,Comunidad de Madrid
Skoda,kamiq,13900,94300,2022,Gas licuado (GLP),90.0,ARROYOMOLINOS,Manual,28939,Comunidad de Madrid
Bmw,x3,30900,87400,2020,Diésel,190.0,ARROYOMOLINOS,Automático,28939,Comunidad de Madrid
Jeep,avenger,18190,16845,2024,Gasolina,101.0,MADRID,Manual,28021,Comunidad de Madrid
Seat,leon,5990,174000,2009,Gasolina,125.0,MADRID,Manual,28224,Comunidad de Madrid
Hyundai,ioniq 6,29900,1600,2023,Eléctrico,228.0,ZARAGOZA,Automático,50011,Aragón
Nissan,qashqai,9960,140459,2013,Diésel,110.0,BARCELONA,Manual,,Desconocida
Hyundai,i20,7299,63119,2013,Gasolina,84.0,BESÒS,Manual,08903,Cataluña
Suzuki,jimny,9800,62553,2004,Gasolina,79.0,MATARÓ,Manual,08303,Cataluña
Cupra,leon,26390,6100,2025,Electro/Gasolina,150.0,VALLES,Automático,,Desconocida
Citroen,c4 cactus,7990,100000,2018,Gasolina,110.0,HENARES,Manual,28805,Comunidad de Madrid
Hyundai,i20,7299,63119,2013,Gasolina,84.0,BESÒS,Manual,08903,Cataluña
Suzuki,jimny,9800,62553,2004,Gasolina,79.0,MATARÓ,Manual,08303,Cataluña
Cupra,leon,26390,6100,2025,Electro/Gasolina,150.0,VALLES,Automático,,Desconocida
Citroen,c4 cactus,7990,100000,2018,Gasolina,110.0,HENARES,Manual,28805,Comunidad de Madrid
Nissan,pixo,3000,60367,2009,Gasolina,68.0,MALAGA,Manual,29004,Andalucía
Kia,xceed,13990,94000,2019,Gasolina,140.0,GIJON,Manual,33010,Asturias
Mg,hs,18180,10145,2024,Gasolina,162.0,MADRID,Automático,28914,Comunidad de Madrid
Bmw,218,29490,9850,2024,Gasolina,136.0,DALT,Automático,08339,Cataluña
Audi,a4,11999,95000,2008,Diésel,143.0,IGUALADA,Manual,08700,Cataluña
Fiat,punto,4690,159575,2013,Gas licuado (GLP),77.0,MADRID,Manual,28021,Comunidad de Madrid
Bmw,120,5500,198000,2005,Diésel,163.0,MANRESA,Manual,08242,Cataluña
Seat,leon,11975,209172,2021,Diésel,116.0,PARLA,Automático,28983,Comunidad de Madrid
Land rover,range rover sport,32276,167900,2019,Diésel,252.0,MADRID,Automático,28649,Comunidad de Madrid
Audi,q3,24490,115851,2019,Gasolina,190.0,Madrid,Automático,28031,Comunidad de Madrid
Hyundai,tucson,11999,199000,2017,Diésel,114.0,MALAGA,Manual,29004,Andalucía
Land rover,range rover evoque,21890,92000,2019,Diésel,150.0,PARLA,Automático,28982,Comunidad de Madrid
Mercedes-benz,cla 45 amg,60990,38500,2021,Gasolina,421.0,XERACO,Automático,46770,Comunidad Valenciana
Jeep,renegade,12990,67900,2019,Gasolina,120.0,GRANADA,Manual,18015,Andalucía
Lexus,rx 450h,20999,187000,2015,Electro/Gasolina,299.0,MADRID,Automático,28019,Comunidad de Madrid
Jaecoo,j7,35990,11,2025,Electro/Gasolina,347.0,Humilladero,Automático,29006,Andalucía
Toyota,yaris,3500,250000,2006,Diésel,75.0,ALMENDRALEJO,Manual,06200,Extremadura
Volkswagen,tiguan,10890,139689,2011,Diésel,140.0,Burlada,Manual,31600,Comunidad Foral de Navarra
Bmw,740,26990,249800,2016,Diésel,320.0,COSLADA,Automático,28823,Comunidad de Madrid
Maserati,levante,44800,145158,2019,Gasolina,430.0,MADRID,Automático,28015,Comunidad de Madrid
Peugeot,5008,17350,64291,2021,Gasolina,131.0,ARDOZ,Manual,28850,Comunidad de Madrid
Ford,kuga,7995,257484,2011,Diésel,136.0,BARCELONA,Manual,08028,Cataluña
Cupra,leon,25364,16223,2023,Gasolina,190.0,BARCELONA,Automático,08030,Cataluña
Peugeot,3008,15500,97000,2022,Gasolina,131.0,PLANA,Automático,12006,Comunidad Valenciana
Seat,ateca,16990,39564,2021,Gasolina,116.0,HARO,Manual,26200,La Rioja
Peugeot,2008,11990,139827,2021,Diésel,99.0,MOSTOLES,Manual,28938,Comunidad de Madrid
Suzuki,jimny,8500,291563,2008,Diésel,86.0,UBEDA,Manual,23400,Andalucía
Volvo,c30,5950,195000,2010,Diésel,114.0,BARCELONA,Manual,,Desconocida
Renault,talisman,10490,180000,2017,Diésel,110.0,Calatrava,Manual,13160,Castilla-La Mancha
Mazda,mx-30,17900,49648,2020,Eléctrico,143.0,ZARAGOZA,Automático,50014,Aragón
Peugeot,208,14290,7506,2024,Gasolina,102.0,MADRID,Manual,28021,Comunidad de Madrid
Peugeot,308,14400,7545,2023,Gasolina,131.0,MERIDA,Manual,06800,Extremadura
Ds automobiles,ds 7 crossback,15490,147000,2018,Gasolina,181.0,Campo,Automático,28840,Comunidad de Madrid
Mg,mg3,17094,9728,2024,Electro/Gasolina,194.0,MADRID,Automático,28019,Comunidad de Madrid
Volkswagen,tiguan,23790,47638,2021,Diésel,150.0,LAGUNA,Automático,38108,Canarias
Renault,kadjar,10999,139301,2016,Gasolina,132.0,BESÒS,Automático,08903,Cataluña
Peugeot,2008,11990,139827,2021,Diésel,99.0,MOSTOLES,Manual,28938,Comunidad de Madrid
Suzuki,jimny,8500,291563,2008,Diésel,86.0,UBEDA,Manual,23400,Andalucía
Renault,talisman,10490,180000,2017,Diésel,110.0,Calatrava,Manual,13160,Castilla-La Mancha
Mazda,mx-30,17900,49648,2020,Eléctrico,143.0,ZARAGOZA,Automático,50014,Aragón
Peugeot,208,14290,7506,2024,Gasolina,102.0,MADRID,Manual,28021,Comunidad de Madrid
Peugeot,308,14400,7545,2023,Gasolina,131.0,MERIDA,Manual,06800,Extremadura
Ds automobiles,ds 7 crossback,15490,147000,2018,Gasolina,181.0,Campo,Automático,28840,Comunidad de Madrid
Mercedes-benz,unknown,23900,105000,2021,Diésel,160.0,MAR,Automático,04740,Andalucía
Mg,mg3,17094,9728,2024,Electro/Gasolina,194.0,MADRID,Automático,28019,Comunidad de Madrid
Volkswagen,tiguan,23790,47638,2021,Diésel,150.0,LAGUNA,Automático,38108,Canarias
Renault,kadjar,10999,139301,2016,Gasolina,132.0,BESÒS,Automático,08903,Cataluña
Volkswagen,beetle,16900,79000,2014,Gasolina,211.0,RIELLS,Automático,08415,Cataluña
Mercedes-benz,a 200,16850,188000,2018,Diésel,136.0,MADRID,Automático,28007,Comunidad de Madrid
Volkswagen,passat,18390,117244,2020,Diésel,150.0,BURGOS,Automático,09001,Castilla y León
Bmw,x3,8995,163000,2009,Diésel,177.0,FUENLABRADA,Automático,28940,Comunidad de Madrid
Renault,fluence,4540,180937,2010,Diésel,106.0,ALICANTE,Manual,03006,Comunidad Valenciana
Seat,ibiza,13332,17206,2021,Gasolina,110.0,BESÒS,Manual,08903,Cataluña
Citroen,c4,13190,128042,2021,Diésel,131.0,MADRID,Automático,28021,Comunidad de Madrid
Opel,corsa,9490,65278,2021,Gasolina,101.0,MADRID,Manual,28021,Comunidad de Madrid
Opel,astra,15490,28223,2023,Gasolina,131.0,ZARAGOZA,Manual,50012,Aragón
Peugeot,2008,16900,5268,2024,Gasolina,101.0,Villalba,Manual,28400,Comunidad de Madrid
Skoda,karoq,16989,33851,2021,Gasolina,116.0,ALBACETE,Automático,02006,Andalucía
Bmw,318,35900,9700,2023,Diésel,150.0,ARROYOMOLINOS,Automático,28939,Comunidad de Madrid
Bmw,320,18990,159000,2016,Diésel,190.0,CANARIA,Automático,35013,Canarias
Bmw,x3,38900,22700,2022,Diésel,190.0,ARROYOMOLINOS,Automático,28939,Comunidad de Madrid
Fiat,tipo,14900,39660,2022,Diésel,131.0,TERRASSA,Manual,08226,Cataluña
Peugeot,2008,8450,191000,2018,Diésel,99.0,TORREVIEJA,Manual,03181,Comunidad Valenciana
Hyundai,tucson,31500,5100,2024,Gasolina,230.0,ALICANTE,Automático,03007,Comunidad Valenciana
Renault,scenic,5500,130000,2010,Diésel,106.0,MADRID,Manual,28038,Comunidad de Madrid
Chevrolet,camaro,54000,6000,2023,Gasolina,461.0,ZARAGOZA,Automático,50197,Aragón
Mercedes-benz,v,29900,178000,2016,Diésel,163.0,MADRID,Automático,28015,Comunidad de Madrid
Mercedes-benz,a 180,15490,153000,2017,Diésel,109.0,PARLA,Automático,28982,Comunidad de Madrid
Mercedes-benz,e 220,56900,17900,2024,Diésel,200.0,MALAGA,Automático,29006,Andalucía
Renault,captur,10990,78700,2014,Gasolina,120.0,GANDIA,Automático,46702,Comunidad Valenciana
Nissan,x-trail,30990,6300,2024,Gasolina,207.0,TARRAGONA,Automático,43006,Cataluña
Mercedes-benz,unknown,18490,116800,2019,Diésel,160.0,Campo,Manual,28840,Comunidad de Madrid
Nissan,juke,16270,33251,2022,Gasolina,114.0,MADRID,Manual,28914,Comunidad de Madrid
Peugeot,5008,13500,41000,2018,Gasolina,131.0,BADAJOZ,Manual,06011,Extremadura
Mercedes-benz,gle 350,47990,127000,2017,Diésel,258.0,LEGANES,Automático,06030,Extremadura
Mercedes-benz,gla 200,21900,56000,2018,Gasolina,156.0,MATARÓ,Automático,08302,Cataluña
Nissan,x-trail,30990,6300,2024,Gasolina,207.0,TARRAGONA,Automático,43006,Cataluña
Mercedes-benz,unknown,18490,116800,2019,Diésel,160.0,Campo,Manual,28840,Comunidad de Madrid
Nissan,juke,16270,33251,2022,Gasolina,114.0,MADRID,Manual,28914,Comunidad de Madrid
Mercedes-benz,gla 200,21900,56000,2018,Gasolina,156.0,MATARÓ,Automático,08302,Cataluña
Toyota,yaris cross,18990,60443,2023,Electro/Gasolina,116.0,MADRID,Automático,28021,Comunidad de Madrid
Ford,kuga,14990,94162,2018,Gasolina,182.0,REY,Automático,45280,Castilla-La Mancha
Renault,megane,8995,149000,2017,Diésel,90.0,CANARIA,Manual,35018,Canarias
Mini,one,4500,146000,2004,Gasolina,90.0,ERRENTERIA,Manual,20100,País Vasco
Peugeot,2008,6500,205000,2014,Gasolina,82.0,ZAMORA,Manual,49023,Castilla y León
Mini,cooper cabrio,29485,17350,2024,Gasolina,136.0,MAJADAHONDA,Automático,28220,Comunidad de Madrid
Renault,captur,21990,13476,2024,Gasolina,140.0,SANTANDER,Automático,39011,Cantabria
Opel,mokka,10475,35000,2016,Gasolina,140.0,Terrassa,Automático,08223,Cataluña
Renault,kadjar,10999,139301,2016,Gasolina,132.0,MADRID,Automático,28050,Comunidad de Madrid
Ford,kuga,11790,111015,2018,Diésel,140.0,Colloto,Manual,33010,Asturias
Mazda,cx-5,18990,80478,2021,Gasolina,165.0,MÁLAGA,Manual,29001,Andalucía
Citroen,c5 aircross,11900,45000,2020,Gasolina,131.0,Ourense,Manual,32915,Galicia
Mercedes-benz,glk 320,16990,173000,2010,Diésel,224.0,utrera,Automático,41710,Andalucía
Nissan,x-trail,35200,13651,2024,Gasolina,207.0,MADRID,Automático,28050,Comunidad de Madrid
Ford,fiesta,3990,130000,2004,Gasolina,69.0,REUS,Manual,43206,Cataluña
Cupra,leon,24455,24539,2024,Gasolina,190.0,BARCELONA,Automático,08030,Cataluña
Volkswagen,golf,7900,269000,2010,Diésel,105.0,CORUÑA,Manual,15270,Galicia
Bmw,x2,22990,109362,2020,Gasolina,178.0,VALENCIA,Automático,46017,Comunidad Valenciana
Hyundai,i30,22980,79000,2019,Gasolina,275.0,CAMPO,Manual,28840,Comunidad de Madrid
Renault,grand scenic,3500,290000,2009,Diésel,131.0,Brujas,Manual,30161,Región de Murcia
Volkswagen,t-roc,23900,30330,2023,Gasolina,150.0,TERRASSA,Automático,08226,Cataluña
Kia,ev9,54500,1500,2023,Eléctrico,11.0,ZARAGOZA,Automático,50014,Aragón
Ssangyong,rexton,5590,180000,2006,Diésel,165.0,Erandio,Manual,48950,País Vasco
Ford,puma,17999,40,2025,Gasolina,125.0,ASPE,Manual,03680,Comunidad Valenciana
Bmw,318,15900,139244,2017,Diésel,150.0,Madrid,Automático,28031,Comunidad de Madrid
Opel,crossland,12290,45612,2022,Gasolina,110.0,MADRID,Manual,28021,Comunidad de Madrid
Peugeot,rifter,14990,57000,2020,Diésel,99.0,TARREGA,Manual,25300,Cataluña
Mercedes-benz,c 220,15995,242000,2016,Diésel,170.0,Ajalvir,Automático,28864,Comunidad de Madrid
Cupra,formentor,22550,24901,2024,Gasolina,150.0,MADRID,Manual,28042,Comunidad de Madrid
Nissan,qashqai,13900,88427,2018,Gasolina,116.0,MALAGA,Manual,29004,Andalucía
Hyundai,kona,15900,79653,2020,Eléctrico,204.0,MADRID,Automático,28914,Comunidad de Madrid
Toyota,c-hr,17990,66000,2019,Electro/Gasolina,122.0,Canaria,Automático,35004,Canarias
Seat,toledo,6990,193720,2018,Gasolina,95.0,MOSTOLES,Manual,28938,Comunidad de Madrid
Bmw,x1,20150,97711,2022,Diésel,116.0,ALICANTE,Manual,03006,Comunidad Valenciana
Dacia,sandero,8500,39610,2019,Gasolina,75.0,TENERIFE,Manual,38007,Canarias
Mercedes-benz,s 63 amg,59900,110000,2017,Gasolina,585.0,SEGURA,Automático,30500,Región de Murcia
Toyota,c-hr,17990,66000,2019,Electro/Gasolina,122.0,Canaria,Automático,35004,Canarias
Seat,toledo,6990,193720,2018,Gasolina,95.0,MOSTOLES,Manual,28938,Comunidad de Madrid
Bmw,x1,20150,97711,2022,Diésel,116.0,ALICANTE,Manual,03006,Comunidad Valenciana
Audi,a3,7999,230000,2008,Gasolina,125.0,GRAMANET,Manual,08921,Cataluña
Dacia,sandero,8500,39610,2019,Gasolina,75.0,TENERIFE,Manual,38007,Canarias
Mercedes-benz,s 63 amg,59900,110000,2017,Gasolina,585.0,SEGURA,Automático,30500,Región de Murcia
Volkswagen,touareg,18900,112000,2011,Diésel,245.0,Tarragona,Automático,43710,Cataluña
Audi,a3,4999,290000,2005,Diésel,140.0,VALENCIA,Manual,46035,Comunidad Valenciana
Mercedes-benz,b 170,9900,81200,2009,Gasolina,116.0,VENDRELL,Manual,43700,Cataluña
Ssangyong,torres,25890,10061,2024,Gasolina,163.0,MADRID,Automático,28021,Comunidad de Madrid
Peugeot,508,17090,145008,2019,Diésel,177.0,MADRID,Automático,28021,Comunidad de Madrid
Seat,leon,9490,162280,2020,Diésel,116.0,REY,Manual,45280,Castilla-La Mancha
Citroen,c6,16900,132073,2010,Diésel,241.0,LUGO,Automático,27003,Galicia
Mercedes-benz,cla 250,28900,70888,2021,Electro/Gasolina,218.0,ZARAGOZA,Automático,50012,Aragón
Subaru,xv,12499,113999,2015,Diésel,147.0,BESÒS,Manual,08903,Cataluña
Volvo,xc40,23900,132400,2019,Diésel,190.0,ARROYOMOLINOS,Automático,28939,Comunidad de Madrid
Nissan,terrano,7499,270000,2001,Diésel,99.0,SUNBILLA,Manual,31791,Comunidad Foral de Navarra
Porsche,macan,37900,122000,2016,Diésel,258.0,VIGO,Automático,36214,Galicia
Bmw,118,16900,52327,2019,Gasolina,136.0,Peligros,Manual,18210,Andalucía
Ford,mustang,31290,85790,2017,Gasolina,419.0,SABADELL,Automático,08204,Cataluña
Mg,hs,18590,22088,2024,Gasolina,162.0,MADRID,Automático,28021,Comunidad de Madrid
Peugeot,unknown,19490,180000,2017,Diésel,116.0,Valdemoro,Manual,28343,Comunidad de Madrid
Nissan,micra,6990,178126,2019,Gasolina,90.0,MOSTOLES,Manual,28938,Comunidad de Madrid
Land rover,range rover velar,24550,119000,2019,Diésel,179.0,ROZAS-EUROPOLIS,Automático,28232,Comunidad de Madrid
Mercedes-benz,unknown,6490,290000,2003,Diésel,177.0,ORDES,Automático,15680,Galicia
Bmw,x1,13999,166000,2014,Diésel,184.0,BERRIOPLANO/BERRIOBEITI,Automático,31195,Comunidad Foral de Navarra
Seat,ateca,17332,108894,2019,Diésel,150.0,BESÒS,Automático,08903,Cataluña
Mercedes-benz,s 350,23900,140000,2012,Diésel,258.0,LLOBREGAT,Automático,08023,Cataluña
Mercedes-benz,c 300,39000,50000,2024,Electro/Diésel,231.0,PALAFRUGELL,Automático,17200,Cataluña
Kia,sportage,12775,212399,2018,Diésel,116.0,PARLA,Automático,28983,Comunidad de Madrid
Volkswagen,t-roc,17290,126207,2021,Gasolina,150.0,MADRID,Automático,28021,Comunidad de Madrid
Bmw,116,10480,215000,2017,Diésel,116.0,Campo,Manual,28840,Comunidad de Madrid
Cupra,formentor,22250,30601,2024,Gasolina,150.0,CASTRILLÓN,Manual,33459,Asturias
Audi,a3,15950,88079,2016,Diésel,110.0,MADRID,Manual,28045,Comunidad de Madrid
Bmw,x4,37990,40000,2021,Diésel,190.0,MALAGA,Automático,29001,Andalucía
Lexus,rz,41000,5059,2025,Eléctrico,204.0,LEJON,Automático,48940,País Vasco
Porsche,panamera,38500,144500,2014,Diésel,300.0,VITORIA,Automático,01013,País Vasco
Seat,ibiza,5400,198000,2009,Diésel,105.0,GRIÑON,Manual,45216,Castilla-La Mancha
Peugeot,3008,13980,225000,2017,Diésel,181.0,CAMPO,Automático,28840,Comunidad de Madrid
Mercedes-benz,cla 200,39990,28000,2023,Diésel,150.0,LEGANES,Automático,06030,Extremadura
Ford,kuga,11790,111015,2018,Diésel,140.0,Ourense,Manual,32915,Galicia
Bmw,x5,37172,104368,2019,Electro/Gasolina,394.0,MADRID,Automático,28649,Comunidad de Madrid
Kia,rio,10995,42000,2020,Gasolina,84.0,CANARIA,Manual,35018,Canarias
Volkswagen,passat,5800,210000,2007,Diésel,140.0,LEBRIJA,Automático,41740,Andalucía
Citroen,c-elysée,7900,83500,2017,Diésel,99.0,REI,Manual,27200,Galicia
Bmw,x1,20500,4000,2017,Diésel,116.0,MADRID,Manual,28049,Comunidad de Madrid
Skoda,octavia,16690,109664,2022,Diésel,150.0,MADRID,Automático,28021,Comunidad de Madrid
Bmw,x5,17800,336850,2015,Diésel,258.0,LOGROÑO,Automático,26005,La Rioja
Peugeot,308,4900,118000,2010,Diésel,92.0,POBLET,Manual,46930,Comunidad Valenciana
Citroen,c5 aircross,12627,114464,2020,Gasolina,131.0,Málaga,Manual,29004,Andalucía
Ford,kuga,8899,272000,2013,Diésel,140.0,ALMENDRALEJO,Manual,06200,Extremadura
Volkswagen,golf,16100,54830,2020,Eléctrico,136.0,RIVAS-VACIAMADRID,Automático,28522,Comunidad de Madrid
Volkswagen,t-cross,13590,128995,2022,Gasolina,110.0,MADRID,Manual,28021,Comunidad de Madrid
Citroen,c3,14200,10,2025,Gasolina,101.0,Villalba,Manual,28400,Comunidad de Madrid
Mercedes-benz,e 250,23890,119175,2021,Gasolina,218.0,REY,Automático,28500,Comunidad de Madrid
Skoda,kodiaq,22000,159700,2021,Diésel,150.0,TARRAGONA,Automático,43006,Cataluña
Volvo,xc40,24291,83972,2018,Diésel,190.0,REY,Automático,45280,Castilla-La Mancha
Fiat,500l,8990,89836,2018,Gasolina,120.0,HENARES,Manual,28805,Comunidad de Madrid
Kia,xceed,18500,17900,2023,Gasolina,120.0,BURGOS,Manual,09001,Castilla y León
Mercedes-benz,gle 350,48990,101195,2021,Electro/Diésel,320.0,Málaga,Automático,29004,Andalucía
